{"cameraMode":{"drawMode":0,"name":"Shaded","section":"Shading Mode"},"sceneLighting":true,"audioPlay":false,"sceneViewState":{"m_AlwaysRefresh":false,"showFog":true,"showSkybox":true,"showFlares":true,"showImageEffects":true,"showParticleSystems":true,"showVisualEffectGraphs":true,"m_FxEnabled":true},"in2DMode":false,"pivot":{"x":-0.44598817825317385,"y":-1.6713600158691407,"z":-2.284576416015625},"rotation":{"x":-0.010416499339044094,"y":-0.9875640273094177,"z":0.07451377063989639,"w":-0.1380547434091568},"size":12.12435531616211,"orthographic":false}